column,row,endpoint,author,year,location,qualifier,start_age,end_age,beta,race,ethnicity,gender,metric,seasonal_metric,metric_statistic,point_estimate,population,delta_aq,baseline_aq,scenario_aq,mean,baseline,percent_of_baseline,standard_deviation,variance,pct_2_5,pct_97_5
894,1,"Mortality, Respiratory",Murray CJL et al,2020,"Canada, UK, USA","",0,99,0.00583,ALL,ALL,ALL,D8HourMax,"",Mean,-3.2542916731488956,1.8383955948987737E7,-0.2658466084551176,33.21986123166873,33.48570784012382,-3.262153066542301,2098.0691529630685,-0.15546573905199415,0.9128213985489451,0.833242905648852,-1.391679086771109,-5.09161097552491
887,1,"Mortality, Respiratory",Murray CJL et al,2020,"Canada, UK, USA","",0,99,0.00583,ALL,ALL,ALL,D8HourMax,"",Mean,-19.86519857956941,2.9825967956668884E7,-0.5966468984219024,48.42756285159103,49.02420975001292,-19.914787228228956,5700.835656943527,-0.34928959651299635,5.5776606795882095,31.110298656624405,-8.490409315716139,-31.09819034546855
882,1,"Mortality, Respiratory",Murray CJL et al,2020,"Canada, UK, USA","",0,99,0.00583,ALL,ALL,ALL,D8HourMax,"",Mean,-0.07531475584903453,198410.01531331614,-0.19859867774000178,13.926466748017091,14.125065425757093,-0.07549549213359738,65.01052962272237,-0.11611486028791289,0.02112147198040271,4.461165786189368E-4,-0.03221155155448805,-0.11782313133951629
862,1,"Mortality, Respiratory",Murray CJL et al,2020,"Canada, UK, USA","",0,99,0.00583,ALL,ALL,ALL,D8HourMax,"",Mean,-13.999725713106946,2.843594309108134E7,-0.30301414006087013,34.08884806167363,34.3918622017345,-14.033729173435379,7917.3626281275465,-0.1772321241316867,3.927526860882304,15.425467242952005,-5.986345561852807,-21.90574729076389
860,1,"Mortality, Respiratory",Murray CJL et al,2020,"Canada, UK, USA","",0,99,0.00583,ALL,ALL,ALL,D8HourMax,"",Mean,-12.422723158149655,3.3469198687601514E7,-0.5872398459549527,59.76588823026731,60.35312807622229,-12.453680794364725,3622.321224898395,-0.3437631796876575,3.4878145776819336,12.164850528290605,-5.309645207970192,-19.44671309319507
858,1,"Mortality, Respiratory",Murray CJL et al,2020,"Canada, UK, USA","",0,99,0.00583,ALL,ALL,ALL,D8HourMax,"",Mean,-3.301873124557221,3473726.9367215275,-0.26702177223009704,29.741289345219673,30.00831111744977,-3.309850922442134,2119.365117302201,-0.1561538877981287,0.9261729297673253,0.857796295833791,-1.412022605783402,-5.166072053917473
854,1,"Mortality, Respiratory",Murray CJL et al,2020,"Canada, UK, USA","",0,99,0.00583,ALL,ALL,ALL,D8HourMax,"",Mean,-3.57843763917555,2.0903277907361083E7,-0.27536152779556317,31.7700139160355,32.04537544383107,-3.5870931957461383,2227.244942228443,-0.1610366672467117,1.0037819703628676,1.007578244025561,-1.5302646529223913,-5.598885571947548
850,1,"Mortality, Respiratory",Murray CJL et al,2020,"Canada, UK, USA","",0,99,0.00583,ALL,ALL,ALL,D8HourMax,"",Mean,-0.12901406909838434,104422.99847137928,-0.4475577469097552,28.44908039584542,28.89663814275518,-0.12933126049403115,49.380181825031,-0.26187865528738624,0.03620723137184234,0.0013109636036141245,-0.05515542310322504,-0.20191353953281682
840,1,"Mortality, Respiratory",Murray CJL et al,2020,"Canada, UK, USA","",0,99,0.00583,ALL,ALL,ALL,D8HourMax,"",Mean,-503.1446708722351,3.3100264687539697E8,-0.42082303344288197,52.02800107205124,52.4488241054942,-504.38098544192485,204816.83109992923,-0.24623079588293315,141.20289635621654,19938.25793938443,-215.10393441057175,-787.4391338037867
834,1,"Mortality, Respiratory",Murray CJL et al,2020,"Canada, UK, USA","",0,99,0.00583,ALL,ALL,ALL,D8HourMax,"",Mean,-11.373637342821187,5.9734212988675594E7,-0.28026765118214325,31.315502881959134,31.595770533141287,-11.401154218238982,6955.066027946057,-0.16390705487241355,3.1904227720302445,10.178797464289149,-4.863744922360418,-17.79545796800445
830,1,"Mortality, Respiratory",Murray CJL et al,2020,"Canada, UK, USA","",0,99,0.00583,ALL,ALL,ALL,D8HourMax,"",Mean,-0.3547912803030991,173859.00190734863,-0.558419647581749,43.025647823898474,43.584067471480225,-0.3556728721508484,108.80189143928726,-0.3268609459653705,0.09960270611571749,0.009920699065573985,-0.15165044294099642,-0.5553676655713462
826,1,"Mortality, Respiratory",Murray CJL et al,2020,"Canada, UK, USA","",0,99,0.00583,ALL,ALL,ALL,D8HourMax,"",Mean,-151.1727587892341,6.788600371169893E7,-0.5204242948329727,41.47110999992075,41.99153429475369,-151.54709277076202,49749.22461569721,-0.30458618905842944,42.435153445126886,1800.7422479114643,-64.6205560170335,-236.62201740431877
818,1,"Mortality, Respiratory",Murray CJL et al,2020,"Canada, UK, USA","",0,99,0.00583,ALL,ALL,ALL,D8HourMax,"",Mean,-102.88695555866575,1.0233440127236618E8,-0.7648193000707775,60.36772775716233,61.132547057233076,-103.14769319893708,23022.9722979917,-0.4479668210773352,28.901591796367654,835.3020083638661,-43.96223918202601,-161.1080173544911
807,1,"Mortality, Respiratory",Murray CJL et al,2020,"Canada, UK, USA","",0,99,0.00583,ALL,ALL,ALL,D8HourMax,"",Mean,-1.711814077871506,2083379.9560606182,-0.475623762052462,52.58328181724675,53.058905579299214,-1.7160343444552775,616.4833356593862,-0.27832599522655654,0.4804532107864293,0.23083528775498902,-0.7317907414939558,-2.6792022736415175
804,1,"Mortality, Respiratory",Murray CJL et al,2020,"Canada, UK, USA","",0,99,0.00583,ALL,ALL,ALL,D8HourMax,"",Mean,-29.338667545001275,4.37337589889639E7,-0.44401745860448827,47.18803952216022,47.632056980764744,-29.41077956278023,11319.013559774863,-0.2598048452002793,8.233701037998108,67.79383278313112,-12.542773071711137,-45.91628597117328
800,1,"Mortality, Respiratory",Murray CJL et al,2020,"Canada, UK, USA","",0,99,0.00583,ALL,ALL,ALL,D8HourMax,"",Mean,-8.867250994714407,4.5741000076080024E7,-0.28375865421034335,37.648504360104226,37.932263014314586,-8.88871299294728,5355.614683558924,-0.1659509042036863,2.4873864246832196,6.187091225698371,-3.791903843801074,-13.87400513461945
795,1,"Mortality, Respiratory",Murray CJL et al,2020,"Canada, UK, USA","",0,99,0.00583,ALL,ALL,ALL,D8HourMax,"",Mean,-1.7117628952440607,6031187.093630746,-0.6039182869365283,57.43184036172891,58.035758648665485,-1.7160358209803117,485.32050476043776,-0.3535462300677297,0.48062079963781584,0.23099635304449354,-0.7316096927272512,-2.67969696757107
792,1,"Mortality, Respiratory",Murray CJL et al,2020,"Canada, UK, USA","",0,99,0.00583,ALL,ALL,ALL,D8HourMax,"",Mean,-108.76984617457636,8.433906734572047E7,-0.5299502828849154,55.82015221901544,56.35010250190032,-109.0395228550655,35150.132121986426,-0.3101743137977547,30.53356107862624,932.2983521421991,-46.49391005391695,-170.25488974869367
788,1,"Mortality, Respiratory",Murray CJL et al,2020,"Canada, UK, USA","",0,99,0.00583,ALL,ALL,ALL,D8HourMax,"",Mean,-9.29110328480305,1.1818618071487349E7,-0.5710187488980695,53.768802850427534,54.33982159932562,-9.314218849359683,2786.2782913474416,-0.33424938697298984,2.6084472075234535,6.803996834436903,-3.9712617961152685,-14.54401539362114
784,1,"Mortality, Respiratory",Murray CJL et al,2020,"Canada, UK, USA","",0,99,0.00583,ALL,ALL,ALL,D8HourMax,"",Mean,-4.212917345442722,9890399.891369876,-0.8510189577916901,71.27330502908721,72.12432398687892,-4.223683329576863,847.0128249458057,-0.4985958345950575,1.1837433757997167,1.4012483797497093,-1.7998544557418694,-6.597872772929679
780,1,"Mortality, Respiratory",Murray CJL et al,2020,"Canada, UK, USA","",0,99,0.00583,ALL,ALL,ALL,D8HourMax,"",Mean,-0.6510498212828182,1399491.0130062103,-0.4195272666099836,28.440575186711087,28.860102453321073,-0.6526462551787272,265.8602909832147,-0.24545607473145273,0.1826997051693774,0.033379182268977424,-0.2783461761239054,-1.0188798730982411
776,1,"Mortality, Respiratory",Murray CJL et al,2020,"Canada, UK, USA","",0,99,0.00583,ALL,ALL,ALL,D8HourMax,"",Mean,-0.06629280110322103,105697.00530433655,-0.24019521758065446,18.4237037612213,18.663898978801956,-0.06645253970523504,47.307413837637306,-0.14045353088457396,0.01859358271716093,3.457213182599055E-4,-0.02835095767869023,-0.10371620957369511
768,1,"Mortality, Respiratory",Murray CJL et al,2020,"Canada, UK, USA","",0,99,0.00583,ALL,ALL,ALL,D8HourMax,"",Mean,-2.570294177092373,8278736.909904029,-0.2753513732124161,32.95839674925881,33.23374812247124,-2.57651048183674,1599.8340218600492,-0.16103010888153663,0.7209866473022195,0.519821745588095,-1.099149621109238,-4.021518713045698
764,1,"Mortality, Respiratory",Murray CJL et al,2020,"Canada, UK, USA","",0,99,0.00583,ALL,ALL,ALL,D8HourMax,"",Mean,-45.43406379482275,6.979997797783992E7,-0.29905899061576036,41.93036250531432,42.22942149593004,-45.54419034309207,26036.0649969838,-0.17490717674510897,12.74543269942321,162.4460546955264,-19.42849380182716,-71.08943211517065
762,1,"Mortality, Respiratory",Murray CJL et al,2020,"Canada, UK, USA","",0,99,0.00583,ALL,ALL,ALL,D8HourMax,"",Mean,-5.210688251150328,9537642.095634684,-0.6008261406570784,62.26296904755044,62.86379518820754,-5.223688611359012,1484.9652386897749,-0.3517300883888451,1.4630098935482831,2.1403979486201585,-2.227074922427349,-8.157053753102103
760,1,"Mortality, Respiratory",Murray CJL et al,2020,"Canada, UK, USA","",0,99,0.00583,ALL,ALL,ALL,D8HourMax,"",Mean,-9.364518233297092,1.7500656728461176E7,-0.6473868596461568,61.82255669312011,62.469943552766296,-9.387996688157486,2476.430489412666,-0.37904874401395977,2.629679368043325,6.915213578712742,-4.002098063209604,-14.660899394785782
756,1,"Mortality, Respiratory",Murray CJL et al,2020,"Canada, UK, USA","",0,99,0.00583,ALL,ALL,ALL,D8HourMax,"",Mean,-8.54597576296429,8654618.07171011,-0.4689699840682306,50.249967108420044,50.71893709248827,-8.567030543334784,3121.4317392402154,-0.2744262457211626,2.3985416026779447,5.753001819776884,-3.6533988727676596,-13.375361247025776
752,1,"Mortality, Respiratory",Murray CJL et al,2020,"Canada, UK, USA","",0,99,0.00583,ALL,ALL,ALL,D8HourMax,"",Mean,-11.4788850285084,1.0099270078831576E7,-0.4365006459123281,40.699578171825365,41.13607881773773,-11.50708493015252,4504.947247386052,-0.25540237090166507,3.2214232519449046,10.377567768171284,-4.9074591346847045,-17.9647972540723
748,1,"Mortality, Respiratory",Murray CJL et al,2020,"Canada, UK, USA","",0,99,0.00583,ALL,ALL,ALL,D8HourMax,"",Mean,-0.6826134048117517,1160164.026495764,-0.29467522251006717,35.330954790497834,35.62563001300789,-0.6842670138325174,396.9989564753471,-0.17234006774733202,0.1914874398738261,0.03666743962943216,-0.2919017379836847,-1.0680559790893844
740,1,"Mortality, Respiratory",Murray CJL et al,2020,"Canada, UK, USA","",0,99,0.00583,ALL,ALL,ALL,D8HourMax,"",Mean,-0.18357899498119928,586634.0055421424,-0.26224066191059786,23.837461106867597,24.099701768778193,-0.1840223129398797,119.983602290411,-0.15335529109680693,0.05149295893904054,0.002651524820297715,-0.07850696443254736,-0.2872229855883977
732,1,"Mortality, Respiratory",Murray CJL et al,2020,"Canada, UK, USA","",0,99,0.00583,ALL,ALL,ALL,D8HourMax,"",Mean,-0.30184221776587455,597330.002918795,-0.600954695381659,43.55742358039578,44.15837827577742,-0.3025952830039685,86.0019902697765,-0.3518051405618031,0.08474848060728653,0.00718230496524362,-0.1290089542330105,-0.47251770245111735
729,1,"Mortality, Respiratory",Murray CJL et al,2020,"Canada, UK, USA","",0,99,0.00583,ALL,ALL,ALL,D8HourMax,"",Mean,-23.364155712261272,4.384926923282571E7,-0.45274847376570276,41.98425415029587,42.43700262406159,-23.421708155051306,8839.600778153159,-0.26493241211092766,6.557425978687017,42.99983546595938,-9.988191274835993,-36.567280199007875
728,1,"Mortality, Respiratory",Murray CJL et al,2020,"Canada, UK, USA","",0,99,0.00583,ALL,ALL,ALL,D8HourMax,"",Mean,-3.7335945616360724,1.1193729048640896E7,-0.28170702588197866,31.769477728840762,32.05118475472274,-3.7426303787528137,2271.434075892628,-0.16475054862759533,1.0473219274055174,1.096883219624408,-1.5966001609270377,-5.841700880504338
724,1,"Mortality, Respiratory",Murray CJL et al,2020,"Canada, UK, USA","",0,99,0.00583,ALL,ALL,ALL,D8HourMax,"",Mean,-115.07508322700944,4.6754782575704396E7,-0.5503052436783255,52.50756457614089,53.05786981981923,-115.36088636847755,35810.32400596576,-0.32210620790769223,32.305251169966326,1043.6292531546105,-49.18760854923543,-180.12970562696245
716,1,"Mortality, Respiratory",Murray CJL et al,2020,"Canada, UK, USA","",0,99,0.00583,ALL,ALL,ALL,D8HourMax,"",Mean,-5.799667739802223,1.4862927034203932E7,-0.30654287042171263,33.45041085953107,33.7569537299528,-5.81373362256813,3242.3129811737454,-0.17928755960266726,1.6269854552760654,2.6470816716798655,-2.480026509708151,-9.074670264136799
710,1,"Mortality, Respiratory",Murray CJL et al,2020,"Canada, UK, USA","",0,99,0.00583,ALL,ALL,ALL,D8HourMax,"",Mean,-52.83827105639626,5.930868964492541E7,-0.35397558585925176,41.02538758087408,41.37936316673334,-52.96707282421359,25577.144293856894,-0.20706353609389697,14.825016757718936,219.78112186664725,-22.592478638422417,-82.682525639129
706,1,"Mortality, Respiratory",Murray CJL et al,2020,"Canada, UK, USA","",0,99,0.00583,ALL,ALL,ALL,D8HourMax,"",Mean,-5.655108185285502,1.589321908431677E7,-0.34093741852442727,26.60614330442346,26.947080722947902,-5.668872277034577,2842.2550185956034,-0.1994267511890924,1.5866003845265375,2.5173007801797564,-2.418063275426401,-8.849011336217064
705,1,"Mortality, Respiratory",Murray CJL et al,2020,"Canada, UK, USA","",0,99,0.00583,ALL,ALL,ALL,D8HourMax,"",Mean,-1.7476528925829034,2078931.9664218426,-0.43632572809750586,50.83396855972523,51.27029428782274,-1.7519450083327412,686.1565820022927,-0.25529750319623257,0.4904551427663254,0.2405462470659366,-0.7471614309396226,-2.7351147071237096
704,1,"Mortality, Respiratory",Murray CJL et al,2020,"Canada, UK, USA","",0,99,0.00583,ALL,ALL,ALL,D8HourMax,"",Mean,-60.11622129568591,9.733858246746549E7,-0.28875647517170366,46.002026698605626,46.29078317377731,-60.26183891224186,35679.53548645512,-0.16887805269465808,16.86382498400225,284.3885930910585,-25.707163399740704,-94.06114766187613
703,1,"Mortality, Respiratory",Murray CJL et al,2020,"Canada, UK, USA","",0,99,0.00583,ALL,ALL,ALL,D8HourMax,"",Mean,-3.1422305351877644,5459642.973549545,-0.45123622851862,48.268214842988456,48.71945107150708,-3.1499588398904055,1192.8720588763308,-0.2640342526211593,0.8818631164867586,0.7776825562197385,-1.3433413497560873,-4.917780985463953
702,1,"Mortality, Respiratory",Murray CJL et al,2020,"Canada, UK, USA","",0,99,0.00583,ALL,ALL,ALL,D8HourMax,"",Mean,-2.0059249168231874,5850343.0,-0.38756561279296875,65.2364501953125,65.62401580810547,-2.010828177284109,886.7682665333177,-0.2267328189980047,0.5628558519734476,0.31680671010075556,-0.8576484794579259,-3.1390638473498216
694,1,"Mortality, Respiratory",Murray CJL et al,2020,"Canada, UK, USA","",0,99,0.00583,ALL,ALL,ALL,D8HourMax,"",Mean,-3.2701517694359454,7976984.905793354,-0.30083221259651066,29.974369059264756,30.275201271861263,-3.278081377150653,1862.8977350754278,-0.17594652218794893,0.9173732570464054,0.8415736927439301,-1.3983712690061048,-5.116751151355478
690,1,"Mortality, Respiratory",Murray CJL et al,2020,"Canada, UK, USA","",0,99,0.00583,ALL,ALL,ALL,D8HourMax,"",Mean,-0.04892552311276157,98339.99960463401,-0.29558172502571906,22.435395736029278,22.73097746105499,-0.04904405281642024,28.367108084968443,-0.1728706655536826,0.013724671617165738,1.8836661099903477E-4,-0.020921690323643247,-0.07655177222957718
688,1,"Mortality, Respiratory",Murray CJL et al,2020,"Canada, UK, USA","",0,99,0.00583,ALL,ALL,ALL,D8HourMax,"",Mean,-11.12363359211043,8737370.020004109,-0.4491416209439523,50.524411444933925,50.97355306587787,-11.15098755729329,4242.534252473837,-0.2628071884398165,3.1218182558878467,9.745749222794638,-4.75550095712242,-17.409110086846997
686,1,"Mortality, Respiratory",Murray CJL et al,2020,"Canada, UK, USA","",0,99,0.00583,ALL,ALL,ALL,D8HourMax,"",Mean,-7.250020596835435,1.6743930096203346E7,-0.4647156021686258,35.55761979323967,36.02233539540828,-7.2678825186490466,2672.3247317114824,-0.2719367098133125,2.0348145409300082,4.1404702159802,-3.099378955125048,-11.347053462311335
682,1,"Mortality, Respiratory",Murray CJL et al,2020,"Canada, UK, USA","",0,99,0.00583,ALL,ALL,ALL,D8HourMax,"",Mean,-19.67843860929154,3.481386692857626E7,-0.8120083887466386,63.63511292668408,64.44712131543076,-19.728545200094516,4146.919402006602,-0.47568224167597745,5.528614001223208,30.565572774521296,-8.407623214236834,-30.81653890772896
678,1,"Mortality, Respiratory",Murray CJL et al,2020,"Canada, UK, USA","",0,99,0.00583,ALL,ALL,ALL,D8HourMax,"",Mean,-0.13342750564584735,219160.99338316917,-0.297344127106956,34.29199858263637,34.58934270974332,-0.1337508095283429,76.902588719513,-0.17390235664645884,0.03742950219171307,0.0014009676343194537,-0.057056535238616896,-0.20876917942460232
670,1,"Mortality, Respiratory",Murray CJL et al,2020,"Canada, UK, USA","",0,99,0.00583,ALL,ALL,ALL,D8HourMax,"",Mean,-0.05833459469066332,110947.0,-0.4181327819824219,27.387605667114258,27.80573844909668,-0.058477608674066005,23.900883861870625,-0.24463864525804982,0.016369946685839253,2.679751544972196E-4,-0.02494012811953494,-0.09129216446883225
662,1,"Mortality, Respiratory",Murray CJL et al,2020,"Canada, UK, USA","",0,99,0.00583,ALL,ALL,ALL,D8HourMax,"",Mean,-0.1436282027055214,183629.00002288818,-0.43019248312563246,27.853681917743238,28.28387440086888,-0.14398075102522537,57.195646260414044,-0.2517044083294867,0.04030664764665804,0.0016246258445118441,-0.061404910685062465,-0.2247791556047522
646,1,"Mortality, Respiratory",Murray CJL et al,2020,"Canada, UK, USA","",0,99,0.00583,ALL,ALL,ALL,D8HourMax,"",Mean,-2.933474852833289,1.295220913025792E7,-0.2385900271429318,38.47211992071426,38.7107099478572,-2.940543269819283,2107.4505293608336,-0.13951486108791214,0.8227709871340247,0.6769520972694976,-1.2545379329949549,-4.589470405789625
643,1,"Mortality, Respiratory",Murray CJL et al,2020,"Canada, UK, USA","",0,99,0.00583,ALL,ALL,ALL,D8HourMax,"",Mean,-96.59267842088688,1.4593445965051404E8,-0.3883264040022415,42.155599498220404,42.543925902222476,-96.82888863173493,42616.95801740738,-0.2271810214302724,27.103929110829515,734.6229732448717,-41.2986335184866,-151.15858512923006
642,1,"Mortality, Respiratory",Murray CJL et al,2020,"Canada, UK, USA","",0,99,0.00583,ALL,ALL,ALL,D8HourMax,"",Mean,-18.924142434118828,1.9237682414418638E7,-0.44631852873148387,48.97902573690365,49.425344265635154,-18.97066509865336,7263.351685727791,-0.26115284725848814,5.3109641037859845,28.206339711703265,-8.090362471188289,-29.617197532608536
638,1,"Mortality, Respiratory",Murray CJL et al,2020,"Canada, UK, USA","",0,99,0.00583,ALL,ALL,ALL,D8HourMax,"",Mean,-0.5542634810977277,895307.9478759766,-0.32799084837445586,22.55455445817366,22.882545306548117,-0.5556105370163497,289.58125946919154,-0.19184473211931716,0.1554976570889072,0.024179521360139372,-0.23700305871520538,-0.8672799560437866
634,1,"Mortality, Respiratory",Murray CJL et al,2020,"Canada, UK, USA","",0,99,0.00583,ALL,ALL,ALL,D8HourMax,"",Mean,-0.36146961093066865,2881059.9399051666,-0.8304470676759473,76.04699110100168,76.87743816867761,-0.362391098140139,74.47991786349776,-0.48650324569492504,0.10155784264940104,0.010313995403600501,-0.15443480058784953,-0.5660751729482683
630,1,"Mortality, Respiratory",Murray CJL et al,2020,"Canada, UK, USA","",0,99,0.00583,ALL,ALL,ALL,D8HourMax,"",Mean,-3.7856549569378837,2860839.9948171973,-0.4353077713503781,28.63975604472147,29.075063816071847,-3.794951323881657,1489.7891807401668,-0.2547010468861282,1.0623896040671952,1.1286716708300517,-1.6184565912110795,-5.924621907713614
626,1,"Mortality, Respiratory",Murray CJL et al,2020,"Canada, UK, USA","",0,99,0.00583,ALL,ALL,ALL,D8HourMax,"",Mean,-0.7751350296645187,1318441.9902421236,-0.31917153551512223,32.5733953300257,32.892566865540815,-0.7770172977512853,416.17891514243416,-0.18668116948493943,0.2174573242086663,0.04728768785199301,-0.3314525124050555,-1.21286993572061
624,1,"Mortality, Respiratory",Murray CJL et al,2020,"Canada, UK, USA","",0,99,0.00583,ALL,ALL,ALL,D8HourMax,"",Mean,-1.0432604515186565,1967998.0694027552,-0.3926631715576982,32.23873553544316,32.63139870700087,-1.045812394665511,455.2018263046402,-0.22972027200599573,0.2927416457402443,0.08569767115070669,-0.44604849574883143,-1.6326137927451763
620,1,"Mortality, Respiratory",Murray CJL et al,2020,"Canada, UK, USA","",0,99,0.00583,ALL,ALL,ALL,D8HourMax,"",Mean,-20.010692222942648,1.0196706844002128E7,-0.5266947849962252,49.157068448893696,49.68376323388993,-20.060276894426863,6506.752497466989,-0.3082630809670818,5.617246256628973,31.55345550761221,-8.553700295488246,-31.32195702664166
616,1,"Mortality, Respiratory",Murray CJL et al,2020,"Canada, UK, USA","",0,99,0.00583,ALL,ALL,ALL,D8HourMax,"",Mean,-34.64354795074851,3.784660483252865E7,-0.477435940991029,46.927016018271495,47.40445195926256,-34.72897271804081,12428.913613630708,-0.2793880941766036,9.723424274304003,94.54497961812432,-14.80987252177601,-54.221635503933335
608,1,"Mortality, Respiratory",Murray CJL et al,2020,"Canada, UK, USA","",0,99,0.00583,ALL,ALL,ALL,D8HourMax,"",Mean,-53.88189429391735,1.0958108461392309E8,-0.2687536534380242,32.66698879272458,32.93574244616259,-54.012148791336315,34361.63181674747,-0.157169329105899,15.11406581646426,228.43498550441345,-23.042003977241755,-84.30372344884339
604,1,"Mortality, Respiratory",Murray CJL et al,2020,"Canada, UK, USA","",0,99,0.00583,ALL,ALL,ALL,D8HourMax,"",Mean,-20.662934595560785,3.297184569532739E7,-0.32579964784721444,29.362297784521935,29.688097432369158,-20.713418620238773,10866.46927596818,-0.19059562120022944,5.797866698850444,33.61525825763895,-8.834668924844106,-32.33507886548969
600,1,"Mortality, Respiratory",Murray CJL et al,2020,"Canada, UK, USA","",0,99,0.00583,ALL,ALL,ALL,D8HourMax,"",Mean,-1.3582776188049144,7132529.953968492,-0.1709620824261652,31.1802314495145,31.35119353194066,-1.3615283764214132,1362.082236806689,-0.09994797242428805,0.380888777750587,0.14507626101633606,-0.5809515497738515,-2.124807137594767
598,1,"Mortality, Respiratory",Murray CJL et al,2020,"Canada, UK, USA","",0,99,0.00583,ALL,ALL,ALL,D8HourMax,"",Mean,-9.938725411148813,8947026.852595177,-0.1648579699645834,16.56025262059205,16.725110590556632,-9.962511319911588,10335.596343122384,-0.0963793314569425,2.7870202007434997,7.767481599352337,-4.250912666330085,-15.54753513193294
591,1,"Mortality, Respiratory",Murray CJL et al,2020,"Canada, UK, USA","",0,99,0.00583,ALL,ALL,ALL,D8HourMax,"",Mean,-1.3764188361054024,4314767.9912614,-0.2690537763684973,32.17885592618891,32.44790970255741,-1.379744957987164,876.8022463037626,-0.15734295584285496,0.3860861638268702,0.14906252589854888,-0.5886142441155469,-2.153534220061183
586,1,"Mortality, Respiratory",Murray CJL et al,2020,"Canada, UK, USA","",0,99,0.00583,ALL,ALL,ALL,D8HourMax,"",Mean,-281.58214726733803,2.2089233069405395E8,-0.6323030672329865,71.85147922207561,72.48378228930859,-282.2870235498332,76243.93115767452,-0.37019793408719137,79.06816957360678,6251.775439720636,-120.34258822689347,-440.82732644635416
583,1,"Mortality, Respiratory",Murray CJL et al,2020,"Canada, UK, USA","",0,99,0.00583,ALL,ALL,ALL,D8HourMax,"",Mean,-0.048959864909683654,115020.99590885639,-0.19167143237578282,12.941210166551949,13.132881598927733,-0.04907727878942484,43.789630362111,-0.11206234728748388,0.013730168814672783,1.8851753567941302E-4,-0.020939997760502427,-0.07659244257330715
578,1,"Mortality, Respiratory",Murray CJL et al,2020,"Canada, UK, USA","",0,99,0.00583,ALL,ALL,ALL,D8HourMax,"",Mean,-7.345791132459277,5421242.017863982,-0.4470353112810859,40.78637419194689,41.233409503227946,-7.363853834895334,2814.8783277167563,-0.2615741374576669,2.061572561266797,4.250081425368141,-3.1404268861348847,-11.4965615212222
566,1,"Mortality, Respiratory",Murray CJL et al,2020,"Canada, UK, USA","",0,99,0.00583,ALL,ALL,ALL,D8HourMax,"",Mean,-49.798156513123345,2.0613958561565015E8,-0.2828573475203039,37.558311422588375,37.84116877010865,-49.91872802967242,30172.46239728477,-0.16542563172893723,13.969214804588688,195.13896225673977,-21.295067119987653,-77.91635858243147
562,1,"Mortality, Respiratory",Murray CJL et al,2020,"Canada, UK, USA","",0,99,0.00583,ALL,ALL,ALL,D8HourMax,"",Mean,-7.919842232310291,2.4206636116701934E7,-0.3751238365809049,38.105476479263125,38.48060031584402,-7.939184796313817,3617.3773784873483,-0.21944803904194654,2.222224063963619,4.938279790458982,-3.3862390380256038,-12.393548365981538
558,1,"Mortality, Respiratory",Murray CJL et al,2020,"Canada, UK, USA","",0,99,0.00583,ALL,ALL,ALL,D8HourMax,"",Mean,-2.178925240944739,6624553.894628301,-0.3143668841980538,28.765013842875113,29.079380727073172,-2.184213892997491,1187.7866430859997,-0.18386821110813115,0.6112698744812514,0.37365085944832477,-0.9317292613107204,-3.4093830066205677
554,1,"Mortality, Respiratory",Murray CJL et al,2020,"Canada, UK, USA","",0,99,0.00583,ALL,ALL,ALL,D8HourMax,"",Mean,-3.82681560143767,4822232.974581109,-0.2885785135371987,23.605524830064436,23.894103343601632,-3.83608257462035,2272.6702744746426,-0.16877244945132827,1.0734907824199376,1.1523824599405696,-1.6364475953083928,-5.987617928364925
548,1,"Mortality, Respiratory",Murray CJL et al,2020,"Canada, UK, USA","",0,99,0.00583,ALL,ALL,ALL,D8HourMax,"",Mean,-0.14721139403727718,307150.0099558113,-0.24237026988635368,17.758932475971424,18.00130274585777,-0.1475661925547584,104.10854828137482,-0.14172639982307395,0.04128963147549726,0.0017048336673823738,-0.06295658182732637,-0.23031558006771502
540,1,"Mortality, Respiratory",Murray CJL et al,2020,"Canada, UK, USA","",0,99,0.00583,ALL,ALL,ALL,D8HourMax,"",Mean,-0.17950809591116282,285490.9897123673,-0.30333825290038857,22.188101888411257,22.491440141311646,-0.17994332865622087,101.41534715947492,-0.1774116130613659,0.05035711365108885,0.002535838895268679,-0.07676078609164877,-0.28087277608748845
533,1,"Mortality, Respiratory",Murray CJL et al,2020,"Canada, UK, USA","",0,99,0.00583,ALL,ALL,ALL,D8HourMax,"",Mean,-0.12716006970796795,106766.00258642435,-0.4557762927845455,32.2640838234766,32.71986011626114,-0.1274729549504355,47.79176838468196,-0.2666945793410473,0.03568778363985248,0.001273617901124922,-0.05436205048950085,-0.19901468186196725
531,1,"Mortality, Respiratory",Murray CJL et al,2020,"Canada, UK, USA","",0,99,0.00583,ALL,ALL,ALL,D8HourMax,"",Mean,-0.1828431408920893,164099.9983291626,-0.4265634997761965,31.219934937039902,31.646498436816096,-0.18329176697851796,73.43215651839168,-0.24957785869415888,0.05131099158993286,0.002632817857942161,-0.07817088853401555,-0.28614886439085674
528,1,"Mortality, Respiratory",Murray CJL et al,2020,"Canada, UK, USA","",0,99,0.00583,ALL,ALL,ALL,D8HourMax,"",Mean,-33.6093220566477,1.713487287122917E7,-0.5555098824468002,44.36328214892517,44.91879203137196,-33.69281251273211,10360.858932453833,-0.3251548640547829,9.435270744371207,89.0243340195872,-14.36589070308274,-52.60964530933755
524,1,"Mortality, Respiratory",Murray CJL et al,2020,"Canada, UK, USA","",0,99,0.00583,ALL,ALL,ALL,D8HourMax,"",Mean,-57.70209167880016,2.913680779839261E7,-0.436173748473259,74.76815215321488,75.20432590168814,-57.84395397405803,22661.93657986202,-0.255217370425705,16.193827982170944,262.2400647161427,-24.66850723500512,-90.30665791516768
516,1,"Mortality, Respiratory",Murray CJL et al,2020,"Canada, UK, USA","",0,99,0.00583,ALL,ALL,ALL,D8HourMax,"",Mean,-1.498887494983587,2540916.0068088025,-0.34011359326641427,36.015359919535406,36.355473512801844,-1.5025354482711943,755.1663532387598,-0.19894447491821451,0.4205279671751914,0.17684377117649885,-0.6409087985803955,-2.3454297133173565
512,1,"Mortality, Respiratory",Murray CJL et al,2020,"Canada, UK, USA","",0,99,0.00583,ALL,ALL,ALL,D8HourMax,"",Mean,-0.8310407994136331,5106621.953377127,-0.7036199075716887,54.458771004167964,55.16239091173963,-0.8331383883517042,202.16154497949447,-0.41206575822749736,0.23341546692846174,0.05448278020143181,-0.35511823051911184,-1.3012132820750473
508,1,"Mortality, Respiratory",Murray CJL et al,2020,"Canada, UK, USA","",0,99,0.00583,ALL,ALL,ALL,D8HourMax,"",Mean,-7.654577792639041,3.1255434894302413E7,-0.29131335857279633,28.446371181513427,28.737684540086214,-7.67311597999241,4503.211684238324,-0.17037247518298143,2.1472538268710837,4.6106989970125145,-3.2732940842755633,-11.976738172824522
504,1,"Mortality, Respiratory",Murray CJL et al,2020,"Canada, UK, USA","",0,99,0.00583,ALL,ALL,ALL,D8HourMax,"",Mean,-25.118472943359862,3.6910558170354486E7,-0.6196566740348021,52.325466617040625,52.94512329107545,-25.18125745327966,6940.448443937014,-0.3627758050231912,7.052935237917897,49.74389547026397,-10.735416530697387,-39.32288237095405
499,1,"Mortality, Respiratory",Murray CJL et al,2020,"Canada, UK, USA","",0,99,0.00583,ALL,ALL,ALL,D8HourMax,"",Mean,-0.24059656561728643,628061.9971903563,-0.4617718897449447,50.79242931742173,51.25420120716668,-0.2411889121754448,89.25002662392671,-0.2702079924442655,0.06752519812279675,0.004559652381522955,-0.10285611507260439,-0.37655472481669877
498,1,"Mortality, Respiratory",Murray CJL et al,2020,"Canada, UK, USA","",0,99,0.00583,ALL,ALL,ALL,D8HourMax,"",Mean,-2.5797555173963787,4033963.002149582,-0.4489071436164715,47.86938982386551,48.31829696748198,-2.586098906036189,984.4302533419967,-0.2626693796875992,0.7239999889899617,0.5241759840574646,-1.1028810718300506,-4.037457082614791
496,1,"Mortality, Respiratory",Murray CJL et al,2020,"Canada, UK, USA","",0,99,0.00583,ALL,ALL,ALL,D8HourMax,"",Mean,-0.9629309025612618,3278292.024383721,-0.45483470236563656,50.56826700225295,51.023101704618654,-0.9653008512704353,362.65384997171384,-0.2661458017460123,0.2702509637446039,0.0730355834048872,-0.41165964853065273,-1.5070628275700764
484,1,"Mortality, Respiratory",Murray CJL et al,2020,"Canada, UK, USA","",0,99,0.00583,ALL,ALL,ALL,D8HourMax,"",Mean,-86.34344053303714,1.2893275339223407E8,-0.41640924308708516,47.582326781113686,47.99873602420072,-86.55536452583469,35521.878948241996,-0.24363934417217314,24.23067114631859,587.1254242010363,-36.91418018980441,-135.12794606917055
480,1,"Mortality, Respiratory",Murray CJL et al,2020,"Canada, UK, USA","",0,99,0.00583,ALL,ALL,ALL,D8HourMax,"",Mean,-1.1414217191217382,1271766.993423462,-0.3520252831263819,23.390987597811023,23.743012880937403,-1.144202383660051,555.5935212471402,-0.20591852268091534,0.3202466675285663,0.10255792806315209,-0.48805196866967704,-1.7861037234197623
478,1,"Mortality, Respiratory",Murray CJL et al,2020,"Canada, UK, USA","",0,99,0.00583,ALL,ALL,ALL,D8HourMax,"",Mean,-2.0606542176007148,4649660.037095568,-0.470433306027294,34.665056602634316,35.1354899086616,-2.065735863322862,750.2946420509764,-0.2752910342724935,0.578366505045999,0.3345078141591235,-0.8809138333988038,-3.225195307141631
474,1,"Mortality, Respiratory",Murray CJL et al,2020,"Canada, UK, USA","",0,99,0.00583,ALL,ALL,ALL,D8HourMax,"",Mean,-0.5080695698828914,375264.9983139038,-0.46726733442920804,29.16644970921313,29.633717043642342,-0.5093210866214655,186.2504328659034,-0.27342835275607297,0.14259572183523306,0.02033353988571116,-0.21720005539618095,-0.7951805565272259
470,1,"Mortality, Respiratory",Murray CJL et al,2020,"Canada, UK, USA","",0,99,0.00583,ALL,ALL,ALL,D8HourMax,"",Mean,-0.6737052365085441,441538.9991455078,-0.6627091577427908,55.983373617040975,56.646082774783764,-0.6753958924615862,174.03600934639917,-0.3880319869269763,0.18919063722866478,0.03579309721498824,-0.2879155391190022,-1.0547562272533837
466,1,"Mortality, Respiratory",Murray CJL et al,2020,"Canada, UK, USA","",0,99,0.00583,ALL,ALL,ALL,D8HourMax,"",Mean,-9.08475924054554,2.025083406352436E7,-0.3211709861167823,31.64450845220524,31.96567943832204,-9.106841406136878,4847.2037801782435,-0.18785655168199283,2.5487237227944384,6.495992615135141,-3.884633971079154,-14.215346870058449
462,1,"Mortality, Respiratory",Murray CJL et al,2020,"Canada, UK, USA","",0,99,0.00583,ALL,ALL,ALL,D8HourMax,"",Mean,-0.255359899562084,540542.012956202,-0.34955983331246115,24.878325981132296,25.22788581444476,-0.2559818064138443,125.17568400499287,-0.20447437043095892,0.07164523295913297,0.005133039405768433,-0.10918798916067336,-0.3995867155148418
458,1,"Mortality, Respiratory",Murray CJL et al,2020,"Canada, UK, USA","",0,99,0.00583,ALL,ALL,ALL,D8HourMax,"",Mean,-9.452630315207529,3.2365998205309696E7,-0.2580533979662204,51.390297567288684,51.648350965254934,-9.475475987520266,6278.145051629675,-0.15091062758900675,2.6514789976849147,7.0303408751642,-4.04232989453909,-14.789548418343823
454,1,"Mortality, Respiratory",Murray CJL et al,2020,"Canada, UK, USA","",0,99,0.00583,ALL,ALL,ALL,D8HourMax,"",Mean,-4.0173331065621545,1.9129955219150178E7,-0.2774298546011099,30.72310746158607,31.000537316187174,-4.027048674940148,2481.787307299211,-0.16224541148164776,1.1268903669343902,1.2698818990895244,-1.7179564514240844,-6.285571690820482
450,1,"Mortality, Respiratory",Murray CJL et al,2020,"Canada, UK, USA","",0,99,0.00583,ALL,ALL,ALL,D8HourMax,"",Mean,-10.731116738583577,2.7691018792970702E7,-0.2723027812461736,25.248212524263977,25.52051530551014,-10.757057674003779,6754.269923575825,-0.15924478164281605,3.0101151004985853,9.060792918249609,-4.589046574421144,-16.7899215434344
446,1,"Mortality, Respiratory",Murray CJL et al,2020,"Canada, UK, USA","",0,99,0.00583,ALL,ALL,ALL,D8HourMax,"",Mean,-0.8479723432239936,649342.0,-0.4955329895019531,57.76576614379883,58.26129913330078,-0.850066766437144,293.09815226273986,-0.28999399192271014,0.23801286232276178,0.056650122631073954,-0.36249171374598066,-1.3272242994573016
442,1,"Mortality, Respiratory",Murray CJL et al,2020,"Canada, UK, USA","",0,99,0.00583,ALL,ALL,ALL,D8HourMax,"",Mean,-0.7128152857652406,625975.9876580238,-0.5051624650360771,47.058835650227316,47.563998115263395,-0.7145775100029668,241.67830487063003,-0.295638284514426,0.20008195690979413,0.04003278948085272,-0.30470978517215913,-1.115697711292222
440,1,"Mortality, Respiratory",Murray CJL et al,2020,"Canada, UK, USA","",0,99,0.00583,ALL,ALL,ALL,D8HourMax,"",Mean,-1.92693883051721,2722290.999380827,-0.4210054845005123,41.73445892277873,42.15546440727923,-1.9316644238990381,784.111917553322,-0.24632190283109898,0.5407457429569855,0.2924059585261023,-0.8238308836806606,-3.015626633070497
434,1,"Mortality, Respiratory",Murray CJL et al,2020,"Canada, UK, USA","",0,99,0.00583,ALL,ALL,ALL,D8HourMax,"",Mean,-4.678260709806368,6871287.021806948,-0.6197218208441838,52.49057876497177,53.110300585816105,-4.689954380848665,1292.5068171548728,-0.36281414357975955,1.3135944452674002,1.725530366637369,-1.99944729351895,-7.323803036982774
430,1,"Mortality, Respiratory",Murray CJL et al,2020,"Canada, UK, USA","",0,99,0.00583,ALL,ALL,ALL,D8HourMax,"",Mean,-1.0716709822435662,5057676.994263353,-0.2968930172635127,29.74182207844387,30.038715095707392,-1.0742682386078908,618.6055648178022,-0.17363965357307556,0.3006303136815125,0.09037858550424459,-0.4582684922760043,-1.6768104400693393
428,1,"Mortality, Respiratory",Murray CJL et al,2020,"Canada, UK, USA","",0,99,0.00583,ALL,ALL,ALL,D8HourMax,"",Mean,-1.0595621026622533,1886202.0132681131,-0.40049377888020277,39.93050192215017,40.330995701030375,-1.0621554157799176,453.26742258787743,-0.23430581412966522,0.29732108549010794,0.08839982787701606,-0.4530137946752914,-1.6581407644530692
426,1,"Mortality, Respiratory",Murray CJL et al,2020,"Canada, UK, USA","",0,99,0.00583,ALL,ALL,ALL,D8HourMax,"",Mean,-2.8229656504296066,2142252.0060995817,-0.381464839428765,42.764200012391754,43.145664851820506,-2.8298625335797007,1267.9394410033117,-0.22316003580845808,0.7921025433963184,0.6274264392549164,-1.2069911637652282,-4.4176090225880795
422,1,"Mortality, Respiratory",Murray CJL et al,2020,"Canada, UK, USA","",0,99,0.00583,ALL,ALL,ALL,D8HourMax,"",Mean,-4.73126659673163,6825442.0069589615,-0.6760378154768788,62.28284216509964,62.9588799805765,-4.743156210618163,1198.0636274711098,-0.3958546048626028,1.32869646273408,1.7654342900820565,-2.0219103332768915,-7.407474418288493
418,1,"Mortality, Respiratory",Murray CJL et al,2020,"Canada, UK, USA","",0,99,0.00583,ALL,ALL,ALL,D8HourMax,"",Mean,-4.118574731205121,7275555.985377119,-0.25582175171877075,40.759792811009355,41.01561456272812,-4.12851444226554,2759.4106477955397,-0.14959865165371733,1.1552179471351594,1.3345285053831717,-1.7613135474944723,-6.443750130129556
417,1,"Mortality, Respiratory",Murray CJL et al,2020,"Canada, UK, USA","",0,99,0.00583,ALL,ALL,ALL,D8HourMax,"",Mean,-4.944235301897171,6524191.042943439,-0.5983412069824429,60.23804717694741,60.83638838392991,-4.956570069563205,1414.8849077411103,-0.35027461757201606,1.3881948541249933,1.9270849530191114,-2.113194010330514,-7.739927103094744
414,1,"Mortality, Respiratory",Murray CJL et al,2020,"Canada, UK, USA","",0,99,0.00583,ALL,ALL,ALL,D8HourMax,"",Mean,-1.3905030973121257,4270563.177591346,-0.7649034330776975,71.96735016781965,72.73225360089737,-1.3940263359646272,311.11972375250275,-0.4480135640015808,0.390599003476868,0.15256758151712232,-0.5941454220629572,-2.1773462935438403
410,1,"Mortality, Respiratory",Murray CJL et al,2020,"Canada, UK, USA","",0,99,0.00583,ALL,ALL,ALL,D8HourMax,"",Mean,-40.61415654517657,5.126918288225722E7,-0.4592156880139535,61.41900421392187,61.87821990193586,-40.714128378460956,15149.89990676059,-0.26871047376890467,11.398593700909727,129.9279383584189,-17.362794695163732,-63.56450052347273
408,1,"Mortality, Respiratory",Murray CJL et al,2020,"Canada, UK, USA","",0,99,0.00583,ALL,ALL,ALL,D8HourMax,"",Mean,-123.48823701767905,2.577881540045461E7,-0.4353519425154462,60.028261097923625,60.46361304043908,-123.79152462822341,48591.86789821954,-0.254727977570893,34.655334039862424,1200.9921774144473,-52.79400804231645,-193.26186853598324
404,1,"Mortality, Respiratory",Murray CJL et al,2020,"Canada, UK, USA","",0,99,0.00583,ALL,ALL,ALL,D8HourMax,"",Mean,-13.613172234394423,5.3771300205617316E7,-0.32299200341864487,33.55674983494043,33.87974183835905,-13.64624121421663,7222.536013911085,-0.18891794342889018,3.819097215699066,14.585503542960357,-5.8210401153071585,-21.300944797572114
400,1,"Mortality, Respiratory",Murray CJL et al,2020,"Canada, UK, USA","",0,99,0.00583,ALL,ALL,ALL,D8HourMax,"",Mean,-5.110487563236528,1.0203140037711153E7,-0.7596510436111099,65.05414744342319,65.8137984870343,-5.123430102090022,1151.3756319558154,-0.44492984292311627,1.4355386506197603,2.060771217423202,-2.183669621419109,-8.002287149335938
398,1,"Mortality, Respiratory",Murray CJL et al,2020,"Canada, UK, USA","",0,99,0.00583,ALL,ALL,ALL,D8HourMax,"",Mean,-17.062427109100188,1.877670696061377E7,-0.4889809477505198,50.80518049131319,51.294161439063764,-17.104567487895345,5976.592072084919,-0.2861590785670709,4.789153760990072,22.935993746405344,-7.293863786486384,-26.70564134424697
392,1,"Mortality, Respiratory",Murray CJL et al,2020,"Canada, UK, USA","",0,99,0.00583,ALL,ALL,ALL,D8HourMax,"",Mean,-159.86212095421413,1.2647645784444004E8,-0.497661559212282,56.51276566358172,57.01042722279403,-160.25721570802625,55018.295874242,-0.29124566496642346,44.87170672394333,2013.4700643195815,-68.3372050629171,-250.21474446794565
388,1,"Mortality, Respiratory",Murray CJL et al,2020,"Canada, UK, USA","",0,99,0.00583,ALL,ALL,ALL,D8HourMax,"",Mean,-2.2807602195647627,2961161.060497284,-0.4871021421416044,39.96155020902115,40.448652351162764,-2.286389066774655,801.9993101738179,-0.28505274224436106,0.6401591674214625,0.40980375963374005,-0.974994126375047,-3.569738267526363
384,1,"Mortality, Respiratory",Murray CJL et al,2020,"Canada, UK, USA","",0,99,0.00583,ALL,ALL,ALL,D8HourMax,"",Mean,-8.812729589002025,2.6378274705931596E7,-0.2695035189253156,29.024770951916935,29.294274470842247,-8.834035493519037,5604.4128807050765,-0.1576083189203936,2.4720091667379465,6.110829320436437,-3.7686617432617746,-13.78843616799678
380,1,"Mortality, Respiratory",Murray CJL et al,2020,"Canada, UK, USA","",0,99,0.00583,ALL,ALL,ALL,D8HourMax,"",Mean,-93.27289902807779,6.046182799472992E7,-0.5157880181524588,56.94162711079792,57.457415128950394,-93.50374956706563,30971.41043396399,-0.301867933601533,26.181909677345747,685.4923943526908,-39.87092394372428,-145.99348222196798
376,1,"Mortality, Respiratory",Murray CJL et al,2020,"Canada, UK, USA","",0,99,0.00583,ALL,ALL,ALL,D8HourMax,"",Mean,-7.69775115186213,8655540.918163061,-0.719066701893849,61.28125640425544,62.00032310614929,-7.7171749657599715,1832.3689447701147,-0.4211078802805781,2.162057433235111,4.674492344607195,-3.2894003564623424,-12.052795261635657
372,1,"Mortality, Respiratory",Murray CJL et al,2020,"Canada, UK, USA","",0,99,0.00583,ALL,ALL,ALL,D8HourMax,"",Mean,-6.442435320289151,4937795.967990875,-0.46607100094309806,39.6790063610954,40.145077362038506,-6.458303140769978,2367.766756904098,-0.2727273499993834,1.8081396875702045,3.269369129766477,-2.754150185103124,-10.083048173995765
368,1,"Mortality, Respiratory",Murray CJL et al,2020,"Canada, UK, USA","",0,99,0.00583,ALL,ALL,ALL,D8HourMax,"",Mean,-14.143081731934528,4.0222503130884066E7,-0.7968201116703486,70.60926503442253,71.40608514609288,-14.179032454231407,3037.4030446352986,-0.4667579608874951,3.973256342450859,15.786765962825978,-6.04282375150142,-22.147472912889626
364,1,"Mortality, Respiratory",Murray CJL et al,2020,"Canada, UK, USA","",0,99,0.00583,ALL,ALL,ALL,D8HourMax,"",Mean,-71.59759314769538,8.39929529398165E7,-0.7528568677941724,67.663091032453,68.41594790024708,-71.77893521444626,16276.219132527565,-0.4409519145297287,20.111863047031914,404.48703522256784,-30.593013875804736,-112.11170897286571
360,1,"Mortality, Respiratory",Murray CJL et al,2020,"Canada, UK, USA","",0,99,0.00583,ALL,ALL,ALL,D8HourMax,"",Mean,-235.05526689392616,2.7352361960700846E8,-0.3568823821554272,49.85503250094062,50.21191488309605,-235.62972024304477,112846.52803919333,-0.20878122651662784,65.95533267322772,4350.105908036139,-100.5000156267011,-367.83580720282254
356,1,"Mortality, Respiratory",Murray CJL et al,2020,"Canada, UK, USA","",0,99,0.00583,ALL,ALL,ALL,D8HourMax,"",Mean,-3920.84439131796,1.3800043834328723E9,-0.521769675512373,67.7732618219028,68.29503149741532,-3930.5682484967597,1286917.1134255286,-0.30538914796288075,1100.6578124983596,1211447.6202136741,-1675.965221420243,-6137.236003513204
352,1,"Mortality, Respiratory",Murray CJL et al,2020,"Canada, UK, USA","",0,99,0.00583,ALL,ALL,ALL,D8HourMax,"",Mean,-0.2667411101586671,341249.98630123655,-0.3988546567449938,36.125403135760656,36.524257792505665,-0.2673938482871268,114.57808293085282,-0.2333454694650955,0.07484914717434313,0.005602394832726478,-0.11404502325301165,-0.4174299250135401
348,1,"Mortality, Respiratory",Murray CJL et al,2020,"Canada, UK, USA","",0,99,0.00583,ALL,ALL,ALL,D8HourMax,"",Mean,-14.498280239512201,9660350.014408946,-0.4549884841264321,49.441135241600726,49.89612372572716,-14.533951393460287,5458.4731863488805,-0.26623292395070436,4.068968172143797,16.556501985919233,-6.198150918450321,-22.69082431180652
344,1,"Mortality, Respiratory",Murray CJL et al,2020,"Canada, UK, USA","",0,99,0.00583,ALL,ALL,ALL,D8HourMax,"",Mean,-4.934467021079481,7496988.2763671875,-0.5011338137989806,58.40078064906756,58.90191446286654,-4.946661398164572,1686.4881772368863,-0.29327692777811515,1.3850522909512164,1.918369848669213,-2.109368817645201,-7.723372022155837
340,1,"Mortality, Respiratory",Murray CJL et al,2020,"Canada, UK, USA","",0,99,0.00583,ALL,ALL,ALL,D8HourMax,"",Mean,-3.0326899546135873,9904608.017425552,-0.3072363451999057,32.59779159611924,32.90502794131915,-3.0400457975215094,1691.5983403043517,-0.17969369246016748,0.8507653206413522,0.7238016308059829,-1.296822472504376,-4.745220929253323
332,1,"Mortality, Respiratory",Murray CJL et al,2020,"Canada, UK, USA","",0,99,0.00583,ALL,ALL,ALL,D8HourMax,"",Mean,-8.220548846474655,1.1402533143779755E7,-0.411630265085803,38.465680265466425,38.87731053055223,-8.240691147351596,3421.392424747355,-0.24082978411268988,2.306824439136188,5.321438992995988,-3.514613172195476,-12.864827591983275
328,1,"Mortality, Respiratory",Murray CJL et al,2020,"Canada, UK, USA","",0,99,0.00583,ALL,ALL,ALL,D8HourMax,"",Mean,-0.19769010519285465,786559.0094882727,-0.271474986796978,22.913766651477793,23.18524163827477,-0.19816798694994495,124.8075442172166,-0.15876061973540906,0.05545273370754396,0.0030750056756397815,-0.08454006307872125,-0.3093061764353157
324,1,"Mortality, Respiratory",Murray CJL et al,2020,"Canada, UK, USA","",0,99,0.00583,ALL,ALL,ALL,D8HourMax,"",Mean,-4.0141162876325325,1.3132791960675454E7,-0.2911820297699779,30.37053900941835,30.66172103918833,-4.023843489485764,2362.5411338612694,-0.17029884609127707,1.1260549809779186,1.2679998201851805,-1.7165222113536998,-6.280750081340336
320,1,"Mortality, Respiratory",Murray CJL et al,2020,"Canada, UK, USA","",0,99,0.00583,ALL,ALL,ALL,D8HourMax,"",Mean,-3.569297830914184,1.791556722471881E7,-0.2949957685949634,42.3836743846222,42.67867015321718,-3.577945046219358,2073.595848565492,-0.17252799172687855,1.0012656667659203,1.0025329354442032,-1.5263145699455778,-5.5847352433080015
316,1,"Mortality, Respiratory",Murray CJL et al,2020,"Canada, UK, USA","",0,99,0.00583,ALL,ALL,ALL,D8HourMax,"",Mean,-0.10779972955759695,168782.99993896484,-0.2954500948299382,20.493460660824734,20.788910755654676,-0.10806088734274455,62.53035500369222,-0.17279359960671517,0.030240151631573647,9.144667707005663E-4,-0.0460976804174662,-0.168669801821141
312,1,"Mortality, Respiratory",Murray CJL et al,2020,"Canada, UK, USA","",0,99,0.00583,ALL,ALL,ALL,D8HourMax,"",Mean,-0.4358628360376453,400126.9848035574,-0.4364613151365445,28.611889401120965,29.04835071625751,-0.4369332981895759,171.0735235832235,-0.2553769365654382,0.12231905321804723,0.014961950780159472,-0.18634125440576446,-0.682134938587583
308,1,"Mortality, Respiratory",Murray CJL et al,2020,"Canada, UK, USA","",0,99,0.00583,ALL,ALL,ALL,D8HourMax,"",Mean,-0.0704908850781233,112519.0,-0.40821266174316406,27.33687400817871,27.745086669921875,-0.07066353628127872,29.58428316422487,-0.2388271988988225,0.019780694121456634,3.912758599266291E-4,-0.030137876486918593,-0.11031465060127614
300,1,"Mortality, Respiratory",Murray CJL et al,2020,"Canada, UK, USA","",0,99,0.00583,ALL,ALL,ALL,D8HourMax,"",Mean,-17.51731398886145,1.042305593378662E7,-0.49524249503870854,54.35143478589901,54.846677280937726,-17.560586253443752,6058.313925867839,-0.28982528611540714,4.9168623801525095,24.175535665359,-7.488293837013195,-27.417709498700166
296,1,"Mortality, Respiratory",Murray CJL et al,2020,"Canada, UK, USA","",0,99,0.00583,ALL,ALL,ALL,D8HourMax,"",Mean,-0.041263459636245184,119445.99888038635,-0.20297773149547862,13.528479281261905,13.731457012757383,-0.041362524189468064,34.849108648217,-0.11867679959127675,0.011572182640470498,1.3391541106440674E-4,-0.017647940539670847,-0.06455342028794861
288,1,"Mortality, Respiratory",Murray CJL et al,2020,"Canada, UK, USA","",0,99,0.00583,ALL,ALL,ALL,D8HourMax,"",Mean,-8.01656193068667,3.10729448368431E7,-0.2877758810512364,32.52432842679704,32.81210430784828,-8.03597380537599,4774.163385047268,-0.16830277437836855,2.24878693390142,5.05704267408575,-3.428096812414641,-12.54308430993165
276,1,"Mortality, Respiratory",Murray CJL et al,2020,"Canada, UK, USA","",0,99,0.00583,ALL,ALL,ALL,D8HourMax,"",Mean,-143.69826551673785,8.378394515402126E7,-0.5149198939635095,47.60614270874425,48.12106260270777,-144.0538905893209,47795.79251908508,-0.30135907047579646,40.33632432444439,1627.0190600067642,-61.426101668450265,-224.920439222425
275,1,"Mortality, Respiratory",Murray CJL et al,2020,"Canada, UK, USA","",0,99,0.00583,ALL,ALL,ALL,D8HourMax,"",Mean,-2.27739525082536,5101415.915006876,-0.7537915870495714,61.91636463156378,62.670156218613364,-2.2831598177347487,517.0863804828736,-0.44149012635311496,0.6397110574118635,0.4092302369750046,-0.97312155350326,-3.566039731826892
270,1,"Mortality, Respiratory",Murray CJL et al,2020,"Canada, UK, USA","",0,99,0.00583,ALL,ALL,ALL,D8HourMax,"",Mean,-1.030264803474007,2416663.9001850486,-0.44483833852185395,33.749923686170206,34.194762024692054,-1.0327976890700918,396.7453841597931,-0.26028710520658693,0.28913893287930703,0.0836013225065844,-0.4404537566444541,-1.6124153744224607
268,1,"Mortality, Respiratory",Murray CJL et al,2020,"Canada, UK, USA","",0,99,0.00583,ALL,ALL,ALL,D8HourMax,"",Mean,-7.178334371521962,3989175.0173892975,-0.45884329115526373,50.97226804906687,51.43111134022212,-7.196004905126785,2679.831942890786,-0.2684930848082974,2.0146439206484126,4.058790127005608,-3.068777696744287,-11.234696005371672
266,1,"Mortality, Respiratory",Murray CJL et al,2020,"Canada, UK, USA","",0,99,0.00583,ALL,ALL,ALL,D8HourMax,"",Mean,-0.4014204426694865,2225727.9852865515,-0.18646510472861935,27.275781039624817,27.462246144353443,-0.40238337208770425,369.05147986016175,-0.1090193483191925,0.11257412093326956,0.0126729327038984,-0.17168563037628956,-0.6279819006349824
262,1,"Mortality, Respiratory",Murray CJL et al,2020,"Canada, UK, USA","",0,99,0.00583,ALL,ALL,ALL,D8HourMax,"",Mean,-0.4641434315809087,988001.9819764495,-0.479330447573399,39.430398866950576,39.90972931452398,-0.4652880825199531,165.8598621958082,-0.2804979873811432,0.13027194050447177,0.01697077848280063,-0.1984175723176098,-0.7264462373620031
258,1,"Mortality, Respiratory",Murray CJL et al,2020,"Canada, UK, USA","",0,99,0.00583,ALL,ALL,ALL,D8HourMax,"",Mean,-0.17193700362666797,280904.0222297907,-0.24576636568839627,17.340035697347602,17.585802063036,-0.17235152860891578,119.91320851877418,-0.1437137671927657,0.04822509760693137,0.002325660039198058,-0.07353035595600756,-0.2690008254396089
254,1,"Mortality, Respiratory",Murray CJL et al,2020,"Canada, UK, USA","",0,99,0.00583,ALL,ALL,ALL,D8HourMax,"",Mean,-0.04103612217354705,298681.987374166,-0.2872916527289885,23.589338442884948,23.87663009561393,-0.04113547343235645,24.47986294551815,-0.16801867931847447,0.01151129862003661,1.3250999591965675E-4,-0.017548195960420458,-0.06420683840972839
250,1,"Mortality, Respiratory",Murray CJL et al,2020,"Canada, UK, USA","",0,99,0.00583,ALL,ALL,ALL,D8HourMax,"",Mean,-65.16658844692792,6.527351191684215E7,-0.494609321904134,46.825014651190635,47.31962397309473,-65.32756832561402,22566.526407142246,-0.2894548387226826,18.291345789983342,334.5733308087414,-27.85738016600003,-101.99731018768694
246,1,"Mortality, Respiratory",Murray CJL et al,2020,"Canada, UK, USA","",0,99,0.00583,ALL,ALL,ALL,D8HourMax,"",Mean,-4.030061446299184,5540718.0586321205,-0.388782031408577,38.09544346041191,38.48422549182046,-4.039914520013906,1776.0021388025177,-0.22744597192608765,1.1308288430917448,1.2787738723682138,-1.7230773288756756,-6.3066491535033435
242,1,"Mortality, Respiratory",Murray CJL et al,2020,"Canada, UK, USA","",0,99,0.00583,ALL,ALL,ALL,D8HourMax,"",Mean,-0.5455861895381028,896444.0265030777,-0.2300931434950238,17.26685080326476,17.496943946759785,-0.5468995270587708,406.44303351036217,-0.13454209866851924,0.15301969247029873,0.023415026283704798,-0.2333307928397669,-0.8535646382206681
233,1,"Mortality, Respiratory",Murray CJL et al,2020,"Canada, UK, USA","",0,99,0.00583,ALL,ALL,ALL,D8HourMax,"",Mean,-0.7211938082690731,1326538.9925276078,-0.3897885158127547,38.77251341617158,39.16230193198434,-0.7229571096683304,317.0009129386122,-0.2280350350520972,0.2023660407358717,0.040952014443112486,-0.30835062933444646,-1.1285979051247104
232,1,"Mortality, Respiratory",Murray CJL et al,2020,"Canada, UK, USA","",0,99,0.00583,ALL,ALL,ALL,D8HourMax,"",Mean,-2.1734868201297357,3546427.037508173,-0.512899700457645,44.08420077790112,44.59710047835879,-2.178864905123521,725.7792036201911,-0.3001751489945136,0.6100980988191941,0.37221969018279505,-0.929094020348602,-3.401991304458755
231,1,"Mortality, Respiratory",Murray CJL et al,2020,"Canada, UK, USA","",0,99,0.00583,ALL,ALL,ALL,D8HourMax,"",Mean,-31.878057536073864,1.1496358363006893E8,-0.37235805160819646,34.965054436571215,35.33741248817941,-31.95594377037034,14668.236434258439,-0.21783283249678453,8.944752014574595,80.00858860223629,-13.629815705704194,-49.88545037705616
226,1,"Mortality, Respiratory",Murray CJL et al,2020,"Canada, UK, USA","",0,99,0.00583,ALL,ALL,ALL,D8HourMax,"",Mean,-0.2903526575660029,1402984.9891344607,-0.22139509213649364,29.02028912883344,29.241684220969933,-0.29105130739648993,224.80353642039617,-0.12945438625694997,0.08143375363958878,0.006631456231833239,-0.1241759648440634,-0.45425095306401464
222,1,"Mortality, Respiratory",Murray CJL et al,2020,"Canada, UK, USA","",0,99,0.00583,ALL,ALL,ALL,D8HourMax,"",Mean,-2.5445669151073425,6486201.213691711,-0.3037115287080781,38.76631848595913,39.07003001466721,-2.5507364766441296,1435.817803014516,-0.17762996688332164,0.7138233529861118,0.509543779268335,-1.0881009752980613,-3.981434098874555
218,1,"Mortality, Respiratory",Murray CJL et al,2020,"Canada, UK, USA","",0,99,0.00583,ALL,ALL,ALL,D8HourMax,"",Mean,-4.139674290783125,1.7643059680925988E7,-0.21962000736264212,28.515891436999407,28.735511444362054,-4.149643253464674,3230.9423112130594,-0.12841976554506238,1.1610613843853683,1.348063538310868,-1.7704022888779325,-6.47652551115566
214,1,"Mortality, Respiratory",Murray CJL et al,2020,"Canada, UK, USA","",0,99,0.00583,ALL,ALL,ALL,D8HourMax,"",Mean,-4.248670019787095,1.0847904115572572E7,-0.41743855822753534,35.59858084094894,36.016019399176486,-4.25908580503619,1743.6641485479013,-0.2442322289420768,1.192267433244999,1.4215016323766179,-1.8164595373156776,-6.649057587112044
208,1,"Mortality, Respiratory",Murray CJL et al,2020,"Canada, UK, USA","",0,99,0.00583,ALL,ALL,ALL,D8HourMax,"",Mean,-13.67846313830351,5792203.024673462,-0.5047604146747497,43.06604836904751,43.570808783722256,-13.712278351509392,4641.3469793623035,-0.29540278208515375,3.839440509501893,14.741303426004155,-5.847185397209202,-21.409507729158136
204,1,"Mortality, Respiratory",Murray CJL et al,2020,"Canada, UK, USA","",0,99,0.00583,ALL,ALL,ALL,D8HourMax,"",Mean,-3.9440274966312554,1.2123197994489491E7,-0.2865929020361279,34.158306181899086,34.44489908393521,-3.9535760960911506,2358.5245330940156,-0.16760993347365766,1.1063632008315494,1.2240395321542314,-1.686577183833828,-6.170989137753397
203,1,"Mortality, Respiratory",Murray CJL et al,2020,"Canada, UK, USA","",0,99,0.00583,ALL,ALL,ALL,D8HourMax,"",Mean,-11.640044828427323,1.0708982011807542E7,-0.4836666635212685,48.28635671261689,48.77002337613818,-11.668764470408332,4122.174929950167,-0.2830398288931975,3.267077917656855,10.67379812004105,-4.975984672656681,-18.218365704630106
196,1,"Mortality, Respiratory",Murray CJL et al,2020,"Canada, UK, USA","",0,99,0.00583,ALL,ALL,ALL,D8HourMax,"",Mean,-1.778441438787486,1207361.0133361816,-0.5509335253659665,53.408702902353006,53.95963642771897,-1.7828574297889863,552.8075122280866,-0.32247158460605113,0.4992619125817609,0.24926245735479785,-0.7601786653904634,-2.7838250238243436
192,1,"Mortality, Respiratory",Murray CJL et al,2020,"Canada, UK, USA","",0,99,0.00583,ALL,ALL,ALL,D8HourMax,"",Mean,-11.876458988451322,1.1326616074748412E7,-0.4382836124289844,36.60694926755051,37.04523287997949,-11.905634518642966,4642.021183112679,-0.2564453012620494,3.332994309388618,11.108851066416912,-5.077433408768116,-18.587000593465863
191,1,"Mortality, Respiratory",Murray CJL et al,2020,"Canada, UK, USA","",0,99,0.00583,ALL,ALL,ALL,D8HourMax,"",Mean,-5.280748234912278,4105268.0355139077,-0.44429356942586223,50.611273810936055,51.05556738036189,-5.293727578247109,2036.0759707944703,-0.2599662090316517,1.4820056826552384,2.1963408434224188,-2.2576094516331624,-8.264596552144466
188,1,"Mortality, Respiratory",Murray CJL et al,2020,"Canada, UK, USA","",0,99,0.00583,ALL,ALL,ALL,D8HourMax,"",Mean,-2.4233157718464104,5094113.88136173,-0.2730088062717859,29.745979986609843,30.018988792881625,-2.4291741572953165,1521.311373011135,-0.15965799175957887,0.6797496633359189,0.46205960480529507,-1.0363037987012385,-3.7915275362982115
180,1,"Mortality, Respiratory",Murray CJL et al,2020,"Canada, UK, USA","",0,99,0.00583,ALL,ALL,ALL,D8HourMax,"",Mean,-20.002467903016942,8.956140373142749E7,-0.1893616641389781,31.394837808980444,31.584199473119398,-20.050451905231412,18108.230947060434,-0.11071300676115736,5.609487576205096,31.466350867599324,-8.554955200300098,-31.291870417499645
178,1,"Mortality, Respiratory",Murray CJL et al,2020,"Canada, UK, USA","",0,99,0.00583,ALL,ALL,ALL,D8HourMax,"",Mean,-1.1011561044490452,5518092.017964725,-0.18321902860226622,28.309729742655698,28.492948771257968,-1.1037962026465906,1030.3148892121949,-0.10711972574993041,0.30880289808274636,0.09535922986430304,-0.470963384167768,-1.7226331269280712
175,1,"Mortality, Respiratory",Murray CJL et al,2020,"Canada, UK, USA","",0,99,0.00583,ALL,ALL,ALL,D8HourMax,"",Mean,-0.04821951743448831,272813.0,-0.31511688232421875,25.48147201538086,25.796588897705078,-0.04833655903536282,26.223076679775204,-0.1843070750850265,0.013527388486654093,1.8299023926886173E-4,-0.020619114584636857,-0.07544953561511367
174,1,"Mortality, Respiratory",Murray CJL et al,2020,"Canada, UK, USA","",0,99,0.00583,ALL,ALL,ALL,D8HourMax,"",Mean,-0.28415808422830546,869595.0100829601,-0.3214998132198915,25.834791459063595,26.156291272283486,-0.2848482402312992,151.46199115046323,-0.18804412479748187,0.07971851033397236,0.006355040889867656,-0.12150734785762199,-0.44462951575061616
170,1,"Mortality, Respiratory",Murray CJL et al,2020,"Canada, UK, USA","",0,99,0.00583,ALL,ALL,ALL,D8HourMax,"",Mean,-19.52804805436191,5.088288409211549E7,-0.1736221307698383,26.819553107776876,26.993175238546684,-19.57487452383146,19281.624277660514,-0.1015093148279454,5.476374201217626,29.990674391761992,-8.352107124172704,-30.54947576821192
158,1,"Mortality, Respiratory",Murray CJL et al,2020,"Canada, UK, USA","",0,99,0.00583,ALL,ALL,ALL,D8HourMax,"",Mean,-23.83128329069836,2.381677526638794E7,-0.41841508897179114,55.485429748162424,55.9038448371342,-23.889714751918344,9757.547346394516,-0.24480467737838293,6.687594390078694,44.72391872621202,-10.18870791271227,-37.29542412364524
156,1,"Mortality, Respiratory",Murray CJL et al,2020,"Canada, UK, USA","",0,99,0.00583,ALL,ALL,ALL,D8HourMax,"",Mean,-3051.008362187992,1.4393237744754288E9,-0.47371677850184435,67.22141580593394,67.69513258443553,-3058.5454097290576,1103129.147597703,-0.27722832900963057,856.3758188755756,733379.5431548127,-1304.2429786230073,-4775.373216381544
152,1,"Mortality, Respiratory",Murray CJL et al,2020,"Canada, UK, USA","",0,99,0.00583,ALL,ALL,ALL,D8HourMax,"",Mean,-14.803715852246484,1.911620916678507E7,-0.37316476142877236,37.228458769785185,37.601623531213946,-14.83993079889608,6796.735966718216,-0.21831370749556475,4.153972920849407,17.255491027150157,-6.329354485336084,-23.16659013295103
148,1,"Mortality, Respiratory",Murray CJL et al,2020,"Canada, UK, USA","",0,99,0.00583,ALL,ALL,ALL,D8HourMax,"",Mean,-6.485067678051341,1.6425859089577645E7,-0.3446917174963343,36.556369454518546,36.901061172014884,-6.500888421005742,3223.6676089558723,-0.20163788084836035,1.8195804469064605,3.310873002764314,-2.772834626840745,-10.148115510099473
144,1,"Mortality, Respiratory",Murray CJL et al,2020,"Canada, UK, USA","",0,99,0.00583,ALL,ALL,ALL,D8HourMax,"",Mean,-39.09542924029049,2.1413250247573335E7,-0.4480694918085829,37.09919381665221,37.5472633084608,-39.19156900931087,14946.602747120725,-0.262179918661588,10.972031120510751,120.38546690945641,-16.713812469425246,-61.18654651944552
140,1,"Mortality, Respiratory",Murray CJL et al,2020,"Canada, UK, USA","",0,99,0.00583,ALL,ALL,ALL,D8HourMax,"",Mean,-1.2138617673839018,4829764.093798646,-0.17224093119855835,27.928174884544532,28.100415815743073,-1.2167687803144245,1208.2008230332306,-0.10069769262967918,0.34039812664510094,0.11587088462349418,-0.5191774725181717,-1.8989122724292202
132,1,"Mortality, Respiratory",Murray CJL et al,2020,"Canada, UK, USA","",0,99,0.00583,ALL,ALL,ALL,D8HourMax,"",Mean,-0.29986649799413895,555987.9934511967,-0.5143740970118191,36.02155411437261,36.53592821138444,-0.30060848632894666,99.84558242811836,-0.30103800913524614,0.08417256535858199,0.007085020759044757,-0.1281830575903096,-0.46935787632425024
124,1,"Mortality, Respiratory",Murray CJL et al,2020,"Canada, UK, USA","",0,99,0.00583,ALL,ALL,ALL,D8HourMax,"",Mean,-38.188357913655224,3.774215723331942E7,-0.37926900459568264,46.711745724872344,47.09101472946805,-38.28166019870516,17251.650301095153,-0.2218756847298286,10.71537113149698,114.81917848571887,-16.32785900083631,-59.76031868278277
120,1,"Mortality, Respiratory",Murray CJL et al,2020,"Canada, UK, USA","",0,99,0.00583,ALL,ALL,ALL,D8HourMax,"",Mean,-7.479358072289578,2.6545863980764907E7,-0.2209196800637812,30.27340813968858,30.494327819752378,-7.497370287297352,5803.156578219627,-0.1291799120311356,2.09775080672405,4.400558447111401,-3.198672620085096,-11.701473469665519
116,1,"Mortality, Respiratory",Murray CJL et al,2020,"Canada, UK, USA","",0,99,0.00583,ALL,ALL,ALL,D8HourMax,"",Mean,-6.2052185363924215,1.6718970689597765E7,-0.28093868730542365,34.72844671727004,35.009385404575454,-6.220233890140536,3785.4545535341526,-0.16430045019266598,1.7406372916359227,3.02981818103364,-2.653549236373168,-9.70885914300228
112,1,"Mortality, Respiratory",Murray CJL et al,2020,"Canada, UK, USA","",0,99,0.00583,ALL,ALL,ALL,D8HourMax,"",Mean,-4.920552152213776,9449320.848104715,-0.4212222224583642,43.21885494118131,43.64007716363968,-4.932619883249682,2001.2425932643173,-0.24644914344671962,1.380828440826721,1.9066871829959535,-2.1036988780720827,-7.700587847247906
108,1,"Mortality, Respiratory",Murray CJL et al,2020,"Canada, UK, USA","",0,99,0.00583,ALL,ALL,ALL,D8HourMax,"",Mean,-2.550210845570938,1.1890780833533969E7,-0.22982497934016566,35.51159991847479,35.74142489781497,-2.556350255360483,1902.0316419203525,-0.13438566668284674,0.7152554178577931,0.5115903127749263,-1.0906468231912394,-3.9897874871808474
104,1,"Mortality, Respiratory",Murray CJL et al,2020,"Canada, UK, USA","",0,99,0.00583,ALL,ALL,ALL,D8HourMax,"",Mean,-114.56276285728485,5.440979399274034E7,-0.34902428053471196,36.78623027076532,37.13525455130006,-114.84181684897398,56243.77635997355,-0.20416219534891392,32.142543242019435,1033.1430860650894,-48.985146284138175,-179.2681115921531
100,1,"Mortality, Respiratory",Murray CJL et al,2020,"Canada, UK, USA","",0,99,0.00583,ALL,ALL,ALL,D8HourMax,"",Mean,-9.193362447586418,6948444.986434931,-0.446480004152054,50.358521128886565,50.805001133038594,-9.215963289349688,3527.2650380929767,-0.2612473675573747,2.580070639829821,6.656764506511863,-3.9303038034025124,-14.388057610145673
96,1,"Mortality, Respiratory",Murray CJL et al,2020,"Canada, UK, USA","",0,99,0.00583,ALL,ALL,ALL,D8HourMax,"",Mean,-0.11162917186239298,437483.0026476383,-0.17411353346361308,29.46014601509999,29.63425954856361,-0.11189642909674931,109.91454205669011,-0.10179153774217994,0.03130342962919309,9.799047065498436E-4,-0.047744839659742,-0.1746269509249373
90,1,"Mortality, Respiratory",Murray CJL et al,2020,"Canada, UK, USA","",0,99,0.00583,ALL,ALL,ALL,D8HourMax,"",Mean,-0.19399175177704586,686877.9908588949,-0.20297551161209915,14.913255417778348,15.116230929390449,-0.19445748917274855,163.83772060308803,-0.11867554705095176,0.05440427912314663,0.0029598255869092483,-0.082968181441165,-0.3034848192775063
84,1,"Mortality, Respiratory",Murray CJL et al,2020,"Canada, UK, USA","",0,99,0.00583,ALL,ALL,ALL,D8HourMax,"",Mean,-0.153058950563401,397621.0025098324,-0.34747492821161197,32.291394297244864,32.63886922545648,-0.1534316684119732,75.47890562324486,-0.2032540332642919,0.042942942434349686,0.001844096304919871,-0.06544580004320409,-0.23950589432769379
76,1,"Mortality, Respiratory",Murray CJL et al,2020,"Canada, UK, USA","",0,99,0.00583,ALL,ALL,ALL,D8HourMax,"",Mean,-121.87673902832157,2.1255940919826618E8,-0.2696044286202506,35.22327288726867,35.49287731588891,-122.17159766932173,77476.29967225548,-0.15767087134828675,34.18766830936833,1168.7966644313872,-52.11855416891014,-190.69113516474152
72,1,"Mortality, Respiratory",Murray CJL et al,2020,"Canada, UK, USA","",0,99,0.00583,ALL,ALL,ALL,D8HourMax,"",Mean,-1.0338339003838237,2351624.995766144,-0.32399387589022327,37.783659722832695,38.107653598722926,-1.0363455894941143,546.8075554515825,-0.1895046940957129,0.2900372279304336,0.08412159358557032,-0.44207005916169717,-1.617674739879879
70,1,"Mortality, Respiratory",Murray CJL et al,2020,"Canada, UK, USA","",0,99,0.00583,ALL,ALL,ALL,D8HourMax,"",Mean,-3.455133906041192,3280814.991681576,-0.45904261033245924,50.43759424029575,50.896636850628205,-3.463638179267078,1289.3231186407345,-0.26860863377106536,0.969701071517376,0.940320168101947,-1.4770920443630169,-5.407563226578067
68,1,"Mortality, Respiratory",Murray CJL et al,2020,"Canada, UK, USA","",0,99,0.00583,ALL,ALL,ALL,D8HourMax,"",Mean,-3.685050831704021,1.16730290033105E7,-0.18797219237357674,25.815842366861926,26.0038145592355,-3.693900322458416,3360.6300359360243,-0.10990435955881846,1.0334672665887044,1.068054591110328,-1.5760493548990155,-5.764997769435232
64,1,"Mortality, Respiratory",Murray CJL et al,2020,"Canada, UK, USA","",0,99,0.00583,ALL,ALL,ALL,D8HourMax,"",Mean,-1.0953010496166398,771611.9975637868,-0.38444103568748655,63.14100648395478,63.52544751964228,-1.0979778455601137,488.1430871702178,-0.22490339573400311,0.30733594474114806,0.09445538292993402,-0.46830595592606233,-1.7140262693914359
56,1,"Mortality, Respiratory",Murray CJL et al,2020,"Canada, UK, USA","",0,99,0.00583,ALL,ALL,ALL,D8HourMax,"",Mean,-22.187677333537945,1.1589615925425887E7,-0.5403805870167686,45.60850397339341,46.14888456041018,-22.242715730712014,7031.677890408193,-0.3162843236177454,6.2285572672135405,38.79492563095861,-9.484087661784248,-34.73015342671336
52,1,"Mortality, Respiratory",Murray CJL et al,2020,"Canada, UK, USA","",0,99,0.00583,ALL,ALL,ALL,D8HourMax,"",Mean,-0.1352141110920632,287371.02166748047,-0.3853086612486509,26.019247778646445,26.404556439895096,-0.13554455501201174,60.12523730989868,-0.2254108684656112,0.03794038121509357,0.0014394725267466253,-0.05781204041221678,-0.21159523586926576
51,1,"Mortality, Respiratory",Murray CJL et al,2020,"Canada, UK, USA","",0,99,0.00583,ALL,ALL,ALL,D8HourMax,"",Mean,-3.685233280150024,2963234.0043999534,-0.538270568775032,55.31148145516485,55.849752023939885,-3.6943737256937004,1172.4998469658565,-0.3150480979542222,1.0345203392973048,1.0702323324198106,-1.5752504260988018,-5.768447640720654
50,1,"Mortality, Respiratory",Murray CJL et al,2020,"Canada, UK, USA","",0,99,0.00583,ALL,ALL,ALL,D8HourMax,"",Mean,-146.95954473466026,1.6468938291456842E8,-0.3430554126969589,64.79792846924595,65.14098388194289,-147.31745360499627,73404.42966638248,-0.20066964758792563,41.2318152006464,1700.062584740256,-62.8376502717783,-229.96205108301487
48,1,"Mortality, Respiratory",Murray CJL et al,2020,"Canada, UK, USA","",0,99,0.00583,ALL,ALL,ALL,D8HourMax,"",Mean,-0.6406167286593284,1701583.0329780579,-0.7678120105199676,81.87981973727837,82.64763174779833,-0.6422403455855819,142.79137429441957,-0.44972116394775247,0.17995380167323047,0.03238337073664836,-0.27372660599339793,-1.003126839667506
44,1,"Mortality, Respiratory",Murray CJL et al,2020,"Canada, UK, USA","",0,99,0.00583,ALL,ALL,ALL,D8HourMax,"",Mean,-0.19920717145796057,393247.98654152453,-0.6049317797851613,39.45212031439907,40.057052094184236,-0.199704410888228,56.38484962930136,-0.3541389826042074,0.05593237701600411,0.0031284307986604253,-0.08514147730724651,-0.3118506682165438
40,1,"Mortality, Respiratory",Murray CJL et al,2020,"Canada, UK, USA","",0,99,0.00583,ALL,ALL,ALL,D8HourMax,"",Mean,-9.805812360017184,9006400.011315346,-0.45831245812368276,49.83847650596871,50.29678896409239,-9.829946386191203,3664.98832777054,-0.2681808581046305,2.7520465825578007,7.5737603925680705,-4.192052451181254,-15.346871392418722
36,1,"Mortality, Respiratory",Murray CJL et al,2020,"Canada, UK, USA","",0,99,0.00583,ALL,ALL,ALL,D8HourMax,"",Mean,-19.936664491668363,2.5499881109995738E7,-0.31399477556161953,30.512389765363235,30.826384540924796,-19.98505619845167,10880.842021452121,-0.18365078540856491,5.592984729601388,31.281478185554306,-8.525103012434693,-31.195089005161538
32,1,"Mortality, Respiratory",Murray CJL et al,2020,"Canada, UK, USA","",0,99,0.00583,ALL,ALL,ALL,D8HourMax,"",Mean,-33.48381549026045,4.519577728140674E7,-0.28288229763854844,33.671026563863364,33.953908861501866,-33.564930568722104,20285.564503507536,-0.16544310581120503,9.392921048509042,88.22696582352418,-14.318471757541733,-52.3907103725919
31,1,"Mortality, Respiratory",Murray CJL et al,2020,"Canada, UK, USA","",0,99,0.00583,ALL,ALL,ALL,D8HourMax,"",Mean,-6.447867659131328,1.0139174942822903E7,-0.506995397875433,51.96126355930271,52.46825895717813,-6.4638133610828685,2178.208594683548,-0.2967141924660929,1.809886702128643,3.2756898745420955,-2.7562779624517617,-10.092252759640747
28,1,"Mortality, Respiratory",Murray CJL et al,2020,"Canada, UK, USA","",0,99,0.00583,ALL,ALL,ALL,D8HourMax,"",Mean,-0.0732609218563998,97928.00122866035,-0.4251568530638258,28.100213457720717,28.525370310784538,-0.0734406511315673,29.519995939144934,-0.24875373542067492,0.020559015918450586,4.2267313553510455E-4,-0.031321300288649656,-0.11465281404003512
24,1,"Mortality, Respiratory",Murray CJL et al,2020,"Canada, UK, USA","",0,99,0.00583,ALL,ALL,ALL,D8HourMax,"",Mean,-7.8678290644529465,3.286626787550955E7,-0.2708262100038809,29.222534600299902,29.493360810303802,-7.886849945975647,4979.075959961594,-0.15838168072000028,2.2069583584894343,4.870665196106378,-3.3645877955960772,-12.310033996931914
12,1,"Mortality, Respiratory",Murray CJL et al,2020,"Canada, UK, USA","",0,99,0.00583,ALL,ALL,ALL,D8HourMax,"",Mean,-23.73958486726496,4.385104299977185E7,-0.5985265582185865,54.73582866769305,55.33435522591173,-23.79880448865135,6791.438879955142,-0.3503820755409308,6.665353938032118,44.42694311924026,-10.146448391993488,-37.16294967637901
8,1,"Mortality, Respiratory",Murray CJL et al,2020,"Canada, UK, USA","",0,99,0.00583,ALL,ALL,ALL,D8HourMax,"",Mean,-2.36983873142112,2877800.006550312,-0.45398648056986646,53.2603017644792,53.71428824504908,-2.3756693641182136,894.1926292512763,-0.26564653266389815,0.6650992847161173,0.4423570585298909,-1.0131284620336716,-3.7089630889577787
4,1,"Mortality, Respiratory",Murray CJL et al,2020,"Canada, UK, USA","",0,99,0.00583,ALL,ALL,ALL,D8HourMax,"",Mean,-29.226262037240033,3.892834122016077E7,-0.6795340602152714,66.08610081533884,66.76563487555408,-29.299741539762785,7362.566468316155,-0.39790802082270754,8.20782104273076,67.36832626949388,-12.489761840324242,-45.758265560646564
